{
    "AR": {
        "MAE": 9.631431338225925,
        "RMSE": 11.433077046238083
    },
    "ETS": {
        "MAE": 119.64772333238132,
        "RMSE": 139.4286559354917
    }
}