{
    "vif": {
        "features": {
            "0": 0,
            "1": 1,
            "2": 2,
            "3": 3,
            "4": 4,
            "5": 5,
            "6": 6,
            "7": 7,
            "8": 8,
            "9": 9
        },
        "VIF": {
            "0": 1.1116211656748554,
            "1": 1.033025088119448,
            "2": 1.0429780506355264,
            "3": 1.0233879629746685,
            "4": 1.0273665432942582,
            "5": 1.055133861610856,
            "6": 1.0271288037785875,
            "7": 1.1411964810865296,
            "8": 1.0277625786416371,
            "9": 1.064540490665639
        }
    },
    "residuals": [
        -1.103334354146186,
        -0.14390333212357923,
        -0.6413722733961631,
        0.21585507584720043,
        0.1465768497803528,
        0.17983750427577538,
        -0.3767706824378281,
        -0.29783250366812464,
        0.9762865145328266,
        0.7827502595354541,
        0.23896283855394862,
        -0.20521090364326433,
        0.19726797996899847,
        0.8596520212236423,
        1.0329853923869132,
        0.07127950047739784,
        -0.484199918784932,
        0.9210794214648956,
        -0.2823717503749923,
        0.8241309279581244,
        -0.19463001967347182,
        0.6676176224503907,
        -0.2500497672632953,
        -0.8432420283107598,
        -0.8807946644099953,
        0.4695525991086562,
        -0.03642942767115542,
        -0.47110641604610015,
        -0.1449541452196801,
        0.07584974464939442,
        0.14052867730357477,
        -0.47939344280535423,
        -0.6230745959676858,
        0.8042892783928179,
        0.28061515721262165,
        -0.2198701953632769,
        0.0879602659628338,
        0.028649614581447658,
        -0.1611264547404181,
        0.439616818040246,
        0.41895851081650104,
        -0.7448722556549492,
        0.5621941812894538,
        0.31234427535993303,
        0.5098522625597792,
        0.09046748520152104,
        0.005704782094789751,
        -0.45248213276021154,
        -0.33614215144946913,
        -0.008773157117785813,
        -0.12999932086865673,
        0.31772800313174754,
        -0.24232038466222683,
        -0.7366187289202397,
        -0.4044762201158467,
        -0.42709875482679927,
        -1.0727624206120372,
        0.5846803411295678,
        -0.14203974403198383,
        0.7287024350018821,
        -0.9015625705500758,
        0.5602021623999733,
        0.07287560096035017,
        -0.21580272440957637,
        0.4633738835000673,
        -0.5623587300151751,
        0.4522879800702948,
        -0.29195620098585584,
        -0.8038964813875156,
        0.3175483291612027,
        -0.22403926053672094,
        0.046705544505387,
        0.055129791404854966,
        -0.5089379452218732,
        -0.5832951796665834,
        0.12681631734294485,
        0.10446161531604914,
        0.14329255839404942,
        -1.1264617861478534,
        0.7087425426172702,
        -0.9643200560056258,
        0.7027481466999566,
        -0.3916931817345133,
        -0.09193631807073377,
        0.21507326769634272,
        0.22037545980353368,
        0.8831359024900536,
        -0.5262542638927381,
        0.6330595594522979,
        -0.0010977788740875738,
        0.04704074537480696,
        -0.5593352484760123,
        -0.6249460631317545,
        0.2589671923758248,
        -0.4602911443183275,
        0.21595809506588104,
        -0.1443354429166206,
        0.30862462693573134,
        -1.0970341494807154,
        -0.374568754894929,
        -0.4195220072863979,
        -0.7635210126428276,
        0.3638985572636222,
        0.10881186729720271,
        0.01724363628252945,
        -0.05210485334671722,
        -0.2699115199149369,
        -0.9031652210150787,
        -0.14162488823992447,
        -0.8953596128159147,
        -0.4154285892495104,
        0.42888604893011684,
        -0.5022114116190761,
        0.3824399762448414,
        0.5090228375975432,
        -0.62124906959737,
        0.24145615494921135,
        0.335400298612214,
        -0.9991679924925722,
        0.12955623438432617,
        0.48428561314647567,
        0.7620614918039686,
        0.501685123019814,
        0.15817742211007157,
        -0.44322005103248574,
        -0.528938346437271,
        0.3998575860341109,
        -0.09152154411200009,
        0.053705413597744056,
        0.2808079872207099,
        0.12956667760241455,
        -0.4214604842807841,
        0.639180368112406,
        -0.7357697120422824,
        -1.1627621161041946,
        -0.18709111611986673,
        0.3059837848865339,
        0.32765095353378326,
        0.1442608729815138,
        0.0570039832275655,
        0.2182038972619802,
        0.13350606757675076,
        0.17984716151272417,
        0.24417335565089648,
        -0.3323597227904659,
        -0.648917940138753,
        -0.2561530542360009,
        -0.04177099704057152,
        -0.9949001740099601,
        -0.4039562469174278,
        -0.47028522883458096,
        0.106358520429225,
        -0.82509261327061,
        0.20398897499058144,
        0.018821785911064204,
        0.6941429643135679,
        0.27503253923785564,
        -0.5429004961312405,
        0.03610184430173646,
        0.03686019496762061,
        -0.01705420371120514,
        -0.5523770321060439,
        0.27168716270434845,
        0.24038337348807337,
        0.07232462543857121,
        -0.23159639520348174,
        0.13586681948159307,
        -0.4617467068554463,
        -0.259099015326021,
        -0.48824833229949705,
        -0.051075418352746274,
        0.45570774604039666,
        0.9319499677869549,
        -0.18329921757967893,
        -0.6001445104087924,
        0.4031618440896359,
        0.6020506137623093,
        0.2766772683112859,
        -1.1344663707906284,
        0.4239382086809158,
        -0.6647897481069052,
        0.6359914692143231,
        -0.19139953155168768,
        0.03484183812614483,
        0.7712851148857709,
        -0.19847961558172983,
        -0.01644867073316192,
        -0.5464092509373533,
        -0.6543560636032195,
        -0.16753931868512995,
        0.19197703450095105,
        -0.06673281094564132,
        -0.4963955284204642,
        -0.36343915745611977,
        0.11134667478753946,
        0.8871974770623843,
        0.7538705361647003,
        0.44952477640931754,
        0.18583255804453458,
        0.020215533983084732
    ],
    "feature_importance": [
        1.8436979519163632,
        -0.10896608811697932,
        1.454736752295221,
        0.003319812895062884,
        -1.5546217460105285,
        1.0985992756789948,
        0.3039897469345811,
        1.4223383262971294,
        0.05742634392567433,
        1.042491201306969
    ]
}