{
    "AR": {
        "MAE": 0.9550139254789758,
        "RMSE": 1.1709054176749267
    },
    "ETS": {
        "MAE": 1.273139045979358,
        "RMSE": 1.5904577248100897
    }
}